timestamp,value,classification,date,sentiment_category,sentiment_score,total_pnl,avg_pnl,trade_count,total_volume,avg_trade_size,total_fees,unique_traders,profitability,win_rate
2023-05-01 05:30:00,63,Greed,2023-05-01,Greed,63,0.0,0.0,3,477.0,159.0,0.0,1,False,0.0
2023-12-05 05:30:00,75,Extreme Greed,2023-12-05,Greed,75,0.0,0.0,9,50005.83,5556.2,12.5,1,False,0.0
2023-12-14 05:30:00,72,Greed,2023-12-14,Greed,72,-205.43,-18.68,11,113203.35,10291.21,28.3,1,False,0.36363636363636365
2023-12-15 05:30:00,70,Greed,2023-12-15,Greed,70,-24.63,-12.32,2,10609.95,5304.98,2.65,1,False,0.0
2023-12-16 05:30:00,67,Greed,2023-12-16,Greed,67,0.0,0.0,3,15348.77,5116.26,3.84,1,False,0.0
2023-12-17 05:30:00,73,Greed,2023-12-17,Greed,73,304.98,21.78,14,116278.02,8305.57,29.07,1,True,0.5
2023-12-18 05:30:00,65,Greed,2023-12-18,Greed,65,0.0,0.0,2,31164.18,15582.09,7.79,1,False,0.0
2023-12-19 05:30:00,73,Greed,2023-12-19,Greed,73,1000.54,66.7,15,91602.41,6106.83,22.9,1,True,0.6666666666666666
2023-12-20 05:30:00,74,Greed,2023-12-20,Greed,74,162.73,9.04,18,141636.79,7868.71,35.41,1,True,0.4444444444444444
2023-12-21 05:30:00,70,Greed,2023-12-21,Greed,70,537.21,10.96,49,125233.97,2555.8,31.31,1,True,0.5306122448979592
2023-12-22 05:30:00,74,Greed,2023-12-22,Greed,74,141.83,14.18,10,88874.28,8887.43,22.22,1,True,0.2
2023-12-23 05:30:00,70,Greed,2023-12-23,Greed,70,146.94,11.3,13,78438.25,6033.71,19.61,1,True,0.6153846153846154
2023-12-24 05:30:00,71,Greed,2023-12-24,Greed,71,1008.62,25.86,39,402954.94,10332.18,100.74,1,True,0.38461538461538464
2023-12-25 05:30:00,73,Greed,2023-12-25,Greed,73,-245.08,-81.69,3,59948.51,19982.84,14.99,1,False,0.0
2023-12-27 05:30:00,73,Greed,2023-12-27,Greed,73,-704.89,-25.17,28,171411.06,6121.82,42.85,1,False,0.14285714285714285
2023-12-28 05:30:00,73,Greed,2023-12-28,Greed,73,-970.73,-42.21,23,100117.25,4352.92,25.03,1,False,0.0
2023-12-29 05:30:00,65,Greed,2023-12-29,Greed,65,508.92,10.18,50,569559.72,11391.19,142.39,1,True,0.3
2023-12-30 05:30:00,68,Greed,2023-12-30,Greed,68,355.0,6.83,52,702550.21,13510.58,175.64,1,True,0.4423076923076923
2024-01-01 05:30:00,65,Greed,2024-01-01,Greed,65,-129.53,-7.2,18,264239.53,14679.97,66.06,1,False,0.05555555555555555
2024-01-02 05:30:00,71,Greed,2024-01-02,Greed,71,783.98,46.12,17,121348.74,7138.16,30.34,1,True,0.47058823529411764
2024-01-03 05:30:00,70,Greed,2024-01-03,Greed,70,866.02,12.93,67,394499.36,5888.05,98.62,1,True,0.417910447761194
2024-01-04 05:30:00,68,Greed,2024-01-04,Greed,68,-67.6,-13.52,5,99792.54,19958.51,24.95,1,False,0.0
2024-01-05 05:30:00,72,Greed,2024-01-05,Greed,72,164.14,2.49,66,1703942.66,25817.31,425.99,1,True,0.19696969696969696
2024-01-06 05:30:00,70,Greed,2024-01-06,Greed,70,135.58,6.16,22,298521.4,13569.15,74.63,1,True,0.45454545454545453
2024-01-07 05:30:00,71,Greed,2024-01-07,Greed,71,-835.68,-8.62,97,1048850.06,10812.89,262.21,1,False,0.09278350515463918
2024-01-08 05:30:00,71,Greed,2024-01-08,Greed,71,-269.87,-2.11,128,1522452.43,11894.16,380.61,1,False,0.25
2024-01-09 05:30:00,76,Extreme Greed,2024-01-09,Extreme Greed,76,-826.35,-11.8,70,870051.97,12429.31,204.01,1,False,0.2571428571428571
2024-01-10 05:30:00,73,Greed,2024-01-10,Greed,73,-1517.09,-7.86,193,2057479.48,10660.52,434.04,1,False,0.21243523316062177
2024-01-11 05:30:00,76,Extreme Greed,2024-01-11,Extreme Greed,76,-164.09,-7.81,21,305314.1,14538.77,75.87,2,False,0.23809523809523808
2024-01-12 05:30:00,71,Greed,2024-01-12,Greed,71,-1925.52,-275.07,7,200082.27,28583.18,49.48,1,False,0.0
2024-01-15 05:30:00,52,Neutral,2024-01-15,Neutral,52,152.85,10.92,14,50636.1,3616.86,12.65,2,True,0.6428571428571429
2024-01-16 05:30:00,64,Greed,2024-01-16,Greed,64,-2299.17,-255.46,9,116427.33,12936.37,17.32,2,False,0.3333333333333333
2024-01-17 05:30:00,60,Greed,2024-01-17,Greed,60,813.27,15.34,53,800831.03,15110.02,159.71,1,True,0.20754716981132076
2024-01-18 05:30:00,63,Greed,2024-01-18,Greed,63,68.93,1.5,46,424631.53,9231.12,92.66,1,True,0.06521739130434782
2024-01-19 05:30:00,51,Neutral,2024-01-19,Neutral,51,-385.42,-8.03,48,428428.97,8925.6,93.05,2,False,0.125
2024-01-20 05:30:00,52,Neutral,2024-01-20,Neutral,52,-146.57,-1.38,106,1070090.51,10095.19,267.52,1,False,0.14150943396226415
2024-01-21 05:30:00,56,Greed,2024-01-21,Greed,56,266.58,24.23,11,103129.74,9375.43,25.78,1,True,0.2727272727272727
2024-01-22 05:30:00,55,Greed,2024-01-22,Neutral,55,1375.64,16.18,85,337878.99,3975.05,67.48,2,True,0.27058823529411763
2024-01-23 05:30:00,50,Neutral,2024-01-23,Neutral,50,-369.24,-8.21,45,414518.93,9211.53,85.72,1,False,0.24444444444444444
2024-01-24 05:30:00,48,Neutral,2024-01-24,Neutral,48,-2808.35,-41.3,68,965084.59,14192.42,227.77,1,False,0.14705882352941177
2024-01-25 05:30:00,52,Neutral,2024-01-25,Neutral,52,-3093.63,-515.6,6,66566.13,11094.36,16.64,1,False,0.0
2024-01-26 05:30:00,49,Neutral,2024-01-26,Neutral,49,90.2,18.04,5,11773.21,2354.64,0.44,2,True,0.2
2024-01-28 05:30:00,54,Neutral,2024-01-28,Neutral,54,-2478.07,-225.28,11,18109.03,1646.28,-0.36,1,False,0.0
2024-01-29 05:30:00,55,Greed,2024-01-29,Neutral,55,486.56,6.58,74,414208.18,5597.41,103.26,2,True,0.6081081081081081
2024-01-30 05:30:00,61,Greed,2024-01-30,Greed,61,-173.65,-3.54,49,401011.38,8183.91,100.25,1,False,0.10204081632653061
2024-01-31 05:30:00,60,Greed,2024-01-31,Greed,60,-799.84,-0.93,859,6305647.13,7340.68,1549.41,1,False,0.2689173457508731
2024-02-01 05:30:00,63,Greed,2024-02-01,Greed,63,0.0,0.0,6,2008.18,334.7,0.5,1,False,0.0
2024-02-02 05:30:00,63,Greed,2024-02-02,Greed,63,456.42,10.87,42,474278.43,11292.34,91.57,1,True,0.30952380952380953
2024-02-03 05:30:00,60,Greed,2024-02-03,Greed,60,223.31,3.99,56,603820.0,10782.5,109.66,1,True,0.10714285714285714
2024-02-04 05:30:00,60,Greed,2024-02-04,Greed,60,47.62,1.36,35,203187.53,5805.36,50.53,1,True,0.2571428571428571
2024-02-05 05:30:00,60,Greed,2024-02-05,Greed,60,-33.45,-0.46,72,770198.26,10697.2,165.55,1,False,0.19444444444444445
2024-02-06 05:30:00,64,Greed,2024-02-06,Greed,64,-215.62,-0.2,1088,8047153.41,7396.28,988.61,1,False,0.1645220588235294
2024-02-07 05:30:00,62,Greed,2024-02-07,Greed,62,241.24,16.08,15,6758.73,450.58,0.34,1,True,0.13333333333333333
2024-02-08 05:30:00,66,Greed,2024-02-08,Greed,66,770.76,77.08,10,26051.12,2605.11,3.0,1,True,0.4
2024-02-11 05:30:00,71,Greed,2024-02-11,Greed,71,983.44,28.92,34,212311.82,6244.47,24.96,1,True,0.20588235294117646
2024-02-12 05:30:00,70,Greed,2024-02-12,Greed,70,913.88,57.12,16,227247.7,14202.98,27.11,1,True,0.375
2024-02-13 05:30:00,79,Extreme Greed,2024-02-13,Extreme Greed,79,559.44,39.96,14,1999.99,142.86,-0.04,1,True,1.0
2024-02-14 05:30:00,74,Greed,2024-02-14,Greed,74,3830.6,34.51,111,320839.88,2890.45,22.92,2,True,0.7477477477477478
2024-02-15 05:30:00,72,Greed,2024-02-15,Greed,72,1840.8,29.22,63,185188.04,2939.49,30.71,2,True,0.9047619047619048
2024-02-16 05:30:00,72,Greed,2024-02-16,Greed,72,5491.77,30.17,182,564896.51,3103.83,27.23,2,True,0.8021978021978022
2024-02-17 05:30:00,76,Extreme Greed,2024-02-17,Extreme Greed,76,1929.64,20.53,94,406118.07,4320.4,62.06,2,True,0.648936170212766
2024-02-18 05:30:00,72,Greed,2024-02-18,Greed,72,477.62,4.92,97,157048.17,1619.05,-3.14,1,True,0.6288659793814433
2024-02-19 05:30:00,75,Extreme Greed,2024-02-19,Greed,75,4317.77,42.75,101,286377.2,2835.42,14.85,2,True,0.7623762376237624
2024-02-20 05:30:00,72,Greed,2024-02-20,Greed,72,3263.63,83.68,39,119419.72,3062.04,3.07,2,True,0.7948717948717948
2024-02-21 05:30:00,78,Extreme Greed,2024-02-21,Extreme Greed,78,1858.8,84.49,22,108047.52,4911.25,2.97,2,True,0.6818181818181818
2024-02-22 05:30:00,74,Greed,2024-02-22,Greed,74,3894.11,44.25,88,373033.87,4239.02,25.45,2,True,0.45454545454545453
2024-02-23 05:30:00,76,Extreme Greed,2024-02-23,Extreme Greed,76,1418.55,9.92,143,111106.14,776.97,-2.07,1,True,0.958041958041958
2024-02-25 05:30:00,74,Greed,2024-02-25,Greed,74,-30.77,-6.15,5,4480.13,896.03,-0.09,1,False,0.0
2024-02-26 05:30:00,72,Greed,2024-02-26,Greed,72,4416.85,113.25,39,192187.14,4927.88,-0.1,2,True,0.8717948717948718
2024-02-27 05:30:00,79,Extreme Greed,2024-02-27,Extreme Greed,79,888.51,14.1,63,209362.3,3323.21,-3.76,2,True,0.4126984126984127
2024-02-28 05:30:00,82,Extreme Greed,2024-02-28,Extreme Greed,82,2503.75,55.64,45,171107.13,3802.38,-1.38,1,True,0.8666666666666667
2024-02-29 05:30:00,80,Extreme Greed,2024-02-29,Extreme Greed,80,9814.0,84.6,116,395666.73,3410.92,1.36,2,True,0.8620689655172413
2024-03-01 05:30:00,80,Extreme Greed,2024-03-01,Extreme Greed,80,8244.24,60.18,137,472974.7,3452.37,-0.55,1,True,0.9343065693430657
2024-03-02 05:30:00,80,Extreme Greed,2024-03-02,Extreme Greed,80,230.9,7.45,31,63197.56,2038.63,-0.47,2,True,0.6774193548387096
2024-03-03 05:30:00,83,Extreme Greed,2024-03-03,Extreme Greed,83,8361.09,105.84,79,390745.68,4946.15,-2.51,1,True,0.6835443037974683
2024-03-04 05:30:00,82,Extreme Greed,2024-03-04,Extreme Greed,82,27799.78,92.67,300,1577996.87,5259.99,-0.56,2,True,0.8866666666666667
2024-03-05 05:30:00,90,Extreme Greed,2024-03-05,Extreme Greed,90,19791.03,109.95,180,841810.32,4676.72,-4.44,1,True,0.9055555555555556
2024-03-06 05:30:00,75,Extreme Greed,2024-03-06,Greed,75,6814.83,83.11,82,327218.02,3990.46,-3.36,1,True,0.8780487804878049
2024-03-08 05:30:00,81,Extreme Greed,2024-03-08,Extreme Greed,81,4271.89,63.76,67,183583.18,2740.05,-3.67,1,True,0.8805970149253731
2024-03-09 05:30:00,84,Extreme Greed,2024-03-09,Extreme Greed,84,9949.5,85.04,117,658178.75,5625.46,1.85,1,True,0.8290598290598291
2024-03-10 05:30:00,79,Extreme Greed,2024-03-10,Extreme Greed,79,2482.93,59.12,42,219973.85,5237.47,2.28,1,True,0.6904761904761905
2024-03-11 05:30:00,82,Extreme Greed,2024-03-11,Extreme Greed,82,3588.18,85.43,42,176519.45,4202.84,8.47,1,True,0.9285714285714286
2024-03-12 05:30:00,81,Extreme Greed,2024-03-12,Extreme Greed,81,3039.17,379.9,8,103040.85,12880.11,4.95,1,True,0.875
2024-03-13 05:30:00,81,Extreme Greed,2024-03-13,Extreme Greed,81,0.0,0.0,7,6000.8,857.26,2.1,1,False,0.0
2024-03-14 05:30:00,88,Extreme Greed,2024-03-14,Extreme Greed,88,3465.87,192.55,18,205933.18,11440.73,11.72,2,True,0.8888888888888888
2024-03-15 05:30:00,83,Extreme Greed,2024-03-15,Extreme Greed,83,6236.51,100.59,62,351894.41,5675.72,49.49,3,True,0.6612903225806451
2024-03-16 05:30:00,81,Extreme Greed,2024-03-16,Extreme Greed,81,228.58,28.57,8,37223.66,4652.96,10.53,2,True,0.125
2024-03-17 05:30:00,79,Extreme Greed,2024-03-17,Extreme Greed,79,503.29,21.88,23,99506.95,4326.39,33.76,3,True,0.43478260869565216
2024-03-18 05:30:00,77,Extreme Greed,2024-03-18,Extreme Greed,77,1456.96,76.68,19,90458.08,4760.95,24.94,3,True,0.3157894736842105
2024-03-19 05:30:00,79,Extreme Greed,2024-03-19,Extreme Greed,79,668.8,27.87,24,219884.84,9161.87,25.99,3,True,0.20833333333333334
2024-03-20 05:30:00,74,Greed,2024-03-20,Greed,74,6423.13,93.09,69,215705.85,3126.17,39.88,2,True,0.8695652173913043
2024-03-21 05:30:00,78,Extreme Greed,2024-03-21,Extreme Greed,78,2335.51,83.41,28,117895.57,4210.56,16.39,3,True,0.8214285714285714
2024-03-24 05:30:00,74,Greed,2024-03-24,Greed,74,1297.02,68.26,19,92592.21,4873.27,8.89,1,True,0.7894736842105263
2024-03-25 05:30:00,75,Extreme Greed,2024-03-25,Greed,75,1302.92,186.13,7,57116.32,8159.47,19.99,1,True,0.8571428571428571
2024-03-26 05:30:00,81,Extreme Greed,2024-03-26,Extreme Greed,81,3215.91,27.25,118,198565.19,1682.76,28.15,2,True,0.9322033898305084
2024-03-27 05:30:00,83,Extreme Greed,2024-03-27,Extreme Greed,83,150.41,3.96,38,99864.79,2628.02,31.72,2,True,0.3157894736842105
2024-03-28 05:30:00,80,Extreme Greed,2024-03-28,Extreme Greed,80,227.85,17.53,13,35323.72,2717.21,9.06,2,True,0.6923076923076923
2024-03-29 05:30:00,79,Extreme Greed,2024-03-29,Extreme Greed,79,883.1,58.87,15,86914.37,5794.29,30.42,1,True,0.4
2024-03-30 05:30:00,75,Extreme Greed,2024-03-30,Greed,75,1100.58,24.46,45,101103.92,2246.75,9.94,1,True,0.9777777777777777
2024-03-31 05:30:00,75,Extreme Greed,2024-03-31,Greed,75,912.79,70.21,13,39912.96,3070.23,13.97,1,True,0.7692307692307693
2024-04-01 05:30:00,79,Extreme Greed,2024-04-01,Extreme Greed,79,2507.96,32.57,77,339470.47,4408.71,83.75,2,True,0.5454545454545454
2024-04-02 05:30:00,79,Extreme Greed,2024-04-02,Extreme Greed,79,883.76,21.56,41,239664.51,5845.48,80.13,2,True,0.2926829268292683
2024-04-03 05:30:00,71,Greed,2024-04-03,Greed,71,126.79,31.7,4,16887.57,4221.89,1.66,2,True,0.25
2024-04-04 05:30:00,70,Greed,2024-04-04,Greed,70,0.0,0.0,32,95987.73,2999.62,33.6,1,False,0.0
2024-04-05 05:30:00,79,Extreme Greed,2024-04-05,Extreme Greed,79,10706.48,107.06,100,503791.8,5037.92,103.43,3,True,0.9
2024-04-06 05:30:00,75,Extreme Greed,2024-04-06,Greed,75,236.34,14.77,16,68223.67,4263.98,23.88,1,True,0.25
2024-04-07 05:30:00,78,Extreme Greed,2024-04-07,Extreme Greed,78,0.0,0.0,23,49988.14,2173.4,17.5,1,False,0.0
2024-04-08 05:30:00,76,Extreme Greed,2024-04-08,Extreme Greed,76,1218.43,40.61,30,211940.64,7064.69,61.79,2,True,0.03333333333333333
2024-04-09 05:30:00,80,Extreme Greed,2024-04-09,Extreme Greed,80,0.0,0.0,3,57063.84,19021.28,19.97,1,False,0.0
2024-04-10 05:30:00,78,Extreme Greed,2024-04-10,Extreme Greed,78,5207.44,127.01,41,351735.97,8578.93,123.11,1,True,0.8780487804878049
2024-04-11 05:30:00,76,Extreme Greed,2024-04-11,Extreme Greed,76,389.74,24.36,16,76400.96,4775.06,26.74,1,True,0.125
2024-04-12 05:30:00,79,Extreme Greed,2024-04-12,Extreme Greed,79,-592.65,-4.59,129,442088.59,3427.04,97.56,3,False,0.5503875968992248
2024-04-13 05:30:00,72,Greed,2024-04-13,Greed,72,6621.45,74.4,89,486411.25,5465.29,119.0,2,True,0.6853932584269663
2024-04-14 05:30:00,72,Greed,2024-04-14,Greed,72,-36104.01,-337.42,107,659162.17,6160.39,213.48,2,False,0.308411214953271
2024-04-15 05:30:00,74,Greed,2024-04-15,Greed,74,3774.09,92.05,41,291111.19,7100.27,40.65,2,True,0.8536585365853658
2024-04-16 05:30:00,65,Greed,2024-04-16,Greed,65,2467.7,52.5,47,181907.17,3870.37,18.46,2,True,0.9148936170212766
2024-04-17 05:30:00,67,Greed,2024-04-17,Greed,67,2441.47,174.39,14,97562.99,6968.79,10.62,1,True,0.9285714285714286
2024-04-19 05:30:00,66,Greed,2024-04-19,Greed,66,1946.45,55.61,35,337257.92,9635.94,118.04,1,True,0.7714285714285715
2024-04-20 05:30:00,66,Greed,2024-04-20,Greed,66,0.0,0.0,22,60733.24,2760.6,121.29,2,False,0.0
2024-04-22 05:30:00,73,Greed,2024-04-22,Greed,73,0.0,0.0,9,47993.61,5332.62,16.8,1,False,0.0
2024-04-23 05:30:00,71,Greed,2024-04-23,Greed,71,1119.54,16.96,66,233054.9,3531.13,71.31,2,True,0.5303030303030303
2024-04-24 05:30:00,72,Greed,2024-04-24,Greed,72,279.19,13.96,20,141275.24,7063.76,49.45,1,True,0.3
2024-04-25 05:30:00,72,Greed,2024-04-25,Greed,72,0.0,0.0,74,120241.01,1624.88,160.16,2,False,0.0
2024-04-26 05:30:00,70,Greed,2024-04-26,Greed,70,0.0,0.0,3,4988.29,1662.76,1.75,1,False,0.0
2024-04-27 05:30:00,67,Greed,2024-04-27,Greed,67,4281.49,158.57,27,154264.47,5713.5,53.99,1,True,0.7037037037037037
2024-04-28 05:30:00,65,Greed,2024-04-28,Greed,65,0.0,0.0,58,43985.6,758.37,15.39,2,False,0.0
2024-04-29 05:30:00,67,Greed,2024-04-29,Greed,67,526.93,11.71,45,108699.01,2415.53,38.04,2,True,0.37777777777777777
2024-04-30 05:30:00,67,Greed,2024-04-30,Greed,67,0.0,0.0,24,125018.75,5209.11,43.76,1,False,0.0
2024-05-01 05:30:00,54,Neutral,2024-05-01,Neutral,54,0.0,0.0,14,87025.45,6216.1,30.46,1,False,0.0
2024-05-03 05:30:00,48,Neutral,2024-05-03,Neutral,48,5306.02,147.39,36,282682.65,7852.3,98.91,3,True,0.4722222222222222
2024-05-04 05:30:00,67,Greed,2024-05-04,Greed,67,0.0,0.0,9,58998.75,6555.42,20.65,2,False,0.0
2024-05-05 05:30:00,69,Greed,2024-05-05,Greed,69,0.92,0.15,6,24068.35,4011.39,8.41,2,True,0.16666666666666666
2024-05-06 05:30:00,71,Greed,2024-05-06,Greed,71,968.59,107.62,9,206016.43,22890.71,72.11,1,True,0.4444444444444444
2024-05-07 05:30:00,68,Greed,2024-05-07,Greed,68,883.54,49.09,18,108717.58,6039.87,38.04,3,True,0.5
2024-05-08 05:30:00,64,Greed,2024-05-08,Greed,64,1.57,0.12,13,65973.57,5074.89,23.08,2,True,0.07692307692307693
2024-05-09 05:30:00,55,Greed,2024-05-09,Neutral,55,1147.6,40.99,28,221966.12,7927.36,77.69,2,True,0.39285714285714285
2024-05-10 05:30:00,66,Greed,2024-05-10,Greed,66,2101.74,95.53,22,156882.0,7131.0,54.91,1,True,0.2727272727272727
2024-05-11 05:30:00,53,Neutral,2024-05-11,Neutral,53,251.6,27.96,9,63248.95,7027.66,22.14,1,True,1.0
2024-05-12 05:30:00,56,Greed,2024-05-12,Greed,56,0.0,0.0,23,55179.56,2399.11,19.31,2,False,0.0
2024-05-13 05:30:00,57,Greed,2024-05-13,Greed,57,2136.85,76.32,28,193118.9,6897.1,67.59,2,True,0.35714285714285715
2024-05-14 05:30:00,66,Greed,2024-05-14,Greed,66,1150.52,50.02,23,145853.4,6341.45,51.05,1,True,0.17391304347826086
2024-05-15 05:30:00,64,Greed,2024-05-15,Greed,64,948.97,26.36,36,234922.57,6525.63,82.22,1,True,0.4722222222222222
2024-05-16 05:30:00,70,Greed,2024-05-16,Greed,70,214.59,7.95,27,162620.96,6023.0,56.92,2,True,0.18518518518518517
2024-05-18 05:30:00,73,Greed,2024-05-18,Greed,73,3522.39,140.9,25,126303.14,5052.13,44.21,1,True,0.64
2024-05-19 05:30:00,72,Greed,2024-05-19,Greed,72,0.0,0.0,8,29998.09,3749.76,10.5,1,False,0.0
2024-05-20 05:30:00,70,Greed,2024-05-20,Greed,70,-74.82,-7.48,10,38124.75,3812.48,13.34,2,False,0.0
2024-05-21 05:30:00,76,Extreme Greed,2024-05-21,Extreme Greed,76,7289.4,58.32,125,1100948.59,8807.59,385.33,2,True,0.112
2024-05-22 05:30:00,76,Extreme Greed,2024-05-22,Extreme Greed,76,0.0,0.0,6,44995.29,7499.22,15.75,1,False,0.0
2024-05-23 05:30:00,76,Extreme Greed,2024-05-23,Extreme Greed,76,413.35,1.27,325,401850.6,1236.46,113.43,3,True,0.4461538461538462
2024-05-24 05:30:00,74,Greed,2024-05-24,Greed,74,821.95,410.97,2,50811.9,25405.95,17.78,1,True,1.0
2024-05-25 05:30:00,76,Extreme Greed,2024-05-25,Extreme Greed,76,14.13,0.88,16,29991.13,1874.45,10.25,2,True,0.3125
2024-05-26 05:30:00,75,Extreme Greed,2024-05-26,Greed,75,778.68,48.67,16,53976.67,3373.54,18.77,2,True,0.25
2024-05-27 05:30:00,74,Greed,2024-05-27,Greed,74,1129.36,4.5,251,151115.72,602.05,45.83,1,True,0.35856573705179284
2024-05-29 05:30:00,72,Greed,2024-05-29,Greed,72,277.79,1.69,164,84268.76,513.83,36.88,2,True,0.4146341463414634
2024-05-30 05:30:00,73,Greed,2024-05-30,Greed,73,20.95,2.99,7,2838.09,405.44,0.99,1,True,0.7142857142857143
2024-05-31 05:30:00,73,Greed,2024-05-31,Greed,73,25.36,1.95,13,3636.14,279.7,1.27,1,True,0.3076923076923077
2024-06-01 05:30:00,72,Greed,2024-06-01,Greed,72,91.51,3.66,25,12834.62,513.38,4.49,1,True,0.36
2024-06-02 05:30:00,73,Greed,2024-06-02,Greed,73,192.91,2.07,93,29464.51,316.82,7.79,1,True,0.3655913978494624
2024-06-03 05:30:00,73,Greed,2024-06-03,Greed,73,562.81,8.04,70,21466.86,306.67,5.38,1,True,0.6285714285714286
2024-06-04 05:30:00,73,Greed,2024-06-04,Greed,73,52.21,0.99,53,24243.41,457.42,7.43,1,True,0.4716981132075472
2024-06-05 05:30:00,75,Extreme Greed,2024-06-05,Greed,75,56.06,1.04,54,25350.77,469.46,7.1,1,True,0.2962962962962963
2024-06-06 05:30:00,78,Extreme Greed,2024-06-06,Extreme Greed,78,274.17,1.17,234,137557.76,587.85,37.08,1,True,0.42735042735042733
2024-06-07 05:30:00,77,Extreme Greed,2024-06-07,Extreme Greed,77,8902.47,20.23,440,1098588.76,2496.79,372.96,3,True,0.4
2024-06-08 05:30:00,72,Greed,2024-06-08,Greed,72,129.14,4.45,29,97351.88,3356.96,34.07,2,True,0.27586206896551724
2024-06-09 05:30:00,75,Extreme Greed,2024-06-09,Greed,75,0.0,0.0,17,22410.22,1318.25,7.52,2,False,0.0
2024-06-10 05:30:00,72,Greed,2024-06-10,Greed,72,31.27,0.59,53,46587.93,879.02,14.7,2,True,0.33962264150943394
2024-06-11 05:30:00,74,Greed,2024-06-11,Greed,74,4320.63,35.13,123,373279.92,3034.8,129.93,3,True,0.13821138211382114
2024-06-12 05:30:00,72,Greed,2024-06-12,Greed,72,-21886.53,-86.17,254,193407.96,761.45,63.92,2,False,0.08267716535433071
2024-06-13 05:30:00,70,Greed,2024-06-13,Greed,70,6632.76,83.96,79,132577.22,1678.19,33.4,2,True,0.24050632911392406
2024-06-14 05:30:00,74,Greed,2024-06-14,Greed,74,10258.59,330.92,31,139868.66,4511.89,38.95,2,True,0.4838709677419355
2024-06-15 05:30:00,74,Greed,2024-06-15,Greed,74,3369.96,43.2,78,718350.25,9209.62,251.42,2,True,0.48717948717948717
2024-06-16 05:30:00,71,Greed,2024-06-16,Greed,71,0.0,0.0,11,25235.08,2294.1,8.83,1,False,0.0
2024-06-17 05:30:00,71,Greed,2024-06-17,Greed,71,10599.5,278.93,38,368380.12,9694.21,128.93,2,True,0.6578947368421053
2024-06-18 05:30:00,74,Greed,2024-06-18,Greed,74,282.58,11.3,25,263314.79,10532.59,67.16,2,True,0.16
2024-06-19 05:30:00,64,Greed,2024-06-19,Greed,64,4887.66,80.13,61,417071.12,6837.23,138.85,3,True,0.5081967213114754
2024-06-20 05:30:00,60,Greed,2024-06-20,Greed,60,57478.46,1473.81,39,207990.8,5333.1,13.47,3,True,0.20512820512820512
2024-06-21 05:30:00,63,Greed,2024-06-21,Greed,63,773.56,9.67,80,176264.49,2203.31,61.28,2,True,0.0375
2024-06-22 05:30:00,53,Neutral,2024-06-22,Neutral,53,756.88,31.54,24,169594.27,7066.43,40.53,2,True,0.3333333333333333
2024-06-23 05:30:00,55,Greed,2024-06-23,Neutral,55,0.0,0.0,5,1792.12,358.42,0.18,1,False,0.0
2024-06-24 05:30:00,51,Neutral,2024-06-24,Neutral,51,0.0,0.0,31,403002.8,13000.09,103.55,2,False,0.0
2024-06-25 05:30:00,30,Fear,2024-06-25,Fear,30,4869.35,99.37,49,103099.08,2104.06,36.08,1,True,0.22448979591836735
2024-06-26 05:30:00,46,Neutral,2024-06-26,Neutral,46,4197.73,58.3,72,365190.66,5072.09,127.55,2,True,0.2916666666666667
2024-06-27 05:30:00,40,Fear,2024-06-27,Fear,40,0.0,0.0,30,130486.95,4349.56,45.56,2,False,0.0
2024-06-29 05:30:00,30,Fear,2024-06-29,Fear,30,6150.33,82.0,75,280095.11,3734.6,460.3,2,True,0.32
2024-06-30 05:30:00,47,Neutral,2024-06-30,Neutral,47,0.0,0.0,14,30520.69,2180.05,17.06,2,False,0.0
2024-07-01 05:30:00,53,Neutral,2024-07-01,Neutral,53,5065.84,79.15,64,362670.15,5666.72,425.32,2,True,0.40625
2024-07-02 05:30:00,51,Neutral,2024-07-02,Neutral,51,2421.25,134.51,18,33347.47,1852.64,11.46,1,True,0.7222222222222222
2024-07-03 05:30:00,50,Neutral,2024-07-03,Neutral,50,1118.39,62.13,18,179600.66,9977.81,62.63,2,True,0.2222222222222222
2024-07-04 05:30:00,44,Fear,2024-07-04,Fear,44,0.0,0.0,25,430568.01,17222.72,113.02,2,False,0.0
2024-07-05 05:30:00,29,Fear,2024-07-05,Fear,29,0.0,0.0,32,272289.89,8509.06,95.13,2,False,0.0
2024-07-06 05:30:00,26,Fear,2024-07-06,Fear,26,108.87,4.54,24,2490.17,103.76,344.35,1,True,0.2916666666666667
2024-07-07 05:30:00,29,Fear,2024-07-07,Fear,29,61.43,6.14,10,498.75,49.88,0.05,1,True,1.0
2024-07-08 05:30:00,28,Fear,2024-07-08,Fear,28,0.0,0.0,1,497.64,497.64,0.02,1,False,0.0
2024-07-09 05:30:00,27,Fear,2024-07-09,Fear,27,648.98,43.27,15,2736.45,182.43,0.4,1,True,1.0
2024-07-10 05:30:00,28,Fear,2024-07-10,Fear,28,11977.73,213.89,56,687900.21,12283.93,240.77,2,True,0.6785714285714286
2024-07-11 05:30:00,29,Fear,2024-07-11,Fear,29,1876.81,98.78,19,169887.02,8941.42,59.46,1,True,0.47368421052631576
2024-07-12 05:30:00,25,Fear,2024-07-12,Extreme Fear,25,1412.31,74.33,19,89582.97,4714.89,31.35,2,True,0.47368421052631576
2024-07-13 05:30:00,25,Fear,2024-07-13,Extreme Fear,25,2913.62,171.39,17,139189.19,8187.6,48.72,2,True,1.0
2024-07-14 05:30:00,33,Fear,2024-07-14,Fear,33,0.0,0.0,7,84001.13,12000.16,29.4,1,False,0.0
2024-07-15 05:30:00,52,Neutral,2024-07-15,Neutral,52,-1.0,-0.04,26,198344.85,7628.65,69.0,2,False,0.0
2024-07-16 05:30:00,65,Greed,2024-07-16,Greed,65,0.0,0.0,22,144000.57,6545.48,50.4,1,False,0.0
2024-07-17 05:30:00,69,Greed,2024-07-17,Greed,69,1859.27,5.3,351,626005.53,1783.49,206.6,3,True,0.4131054131054131
2024-07-18 05:30:00,61,Greed,2024-07-18,Greed,61,3803.88,63.4,60,649704.85,10828.41,227.4,2,True,0.8
2024-07-19 05:30:00,60,Greed,2024-07-19,Greed,60,2155.89,93.73,23,150269.42,6533.45,52.59,2,True,0.5217391304347826
2024-07-20 05:30:00,74,Greed,2024-07-20,Greed,74,2299.17,8.64,266,244362.21,918.65,80.76,2,True,0.12406015037593984
2024-07-21 05:30:00,74,Greed,2024-07-21,Greed,74,-2960.72,-6.61,448,234307.46,523.01,64.72,2,False,0.046875
2024-07-22 05:30:00,70,Greed,2024-07-22,Greed,70,1517.12,9.85,154,304213.8,1975.41,97.46,2,True,0.14285714285714285
2024-07-23 05:30:00,71,Greed,2024-07-23,Greed,71,89890.3,242.95,370,358526.54,968.99,59.24,3,True,0.8891891891891892
2024-07-24 05:30:00,69,Greed,2024-07-24,Greed,69,625.56,6.95,90,69207.93,768.98,55.07,5,True,0.2
2024-07-25 05:30:00,68,Greed,2024-07-25,Greed,68,916.74,11.75,78,528555.31,6776.35,224.19,3,True,0.1282051282051282
2024-07-26 05:30:00,68,Greed,2024-07-26,Greed,68,2766.51,18.2,152,548587.65,3609.13,206.57,4,True,0.40131578947368424
2024-07-27 05:30:00,72,Greed,2024-07-27,Greed,72,6400.62,112.29,57,905199.75,15880.7,316.82,2,True,0.7368421052631579
2024-07-28 05:30:00,71,Greed,2024-07-28,Greed,71,587.3,36.71,16,43254.68,2703.42,15.14,2,True,0.75
2024-07-29 05:30:00,74,Greed,2024-07-29,Greed,74,330.8,8.48,39,327199.14,8389.72,114.52,2,True,0.41025641025641024
2024-07-30 05:30:00,67,Greed,2024-07-30,Greed,67,0.0,0.0,6,36006.47,6001.08,12.6,1,False,0.0
2024-07-31 05:30:00,61,Greed,2024-07-31,Greed,61,765.69,17.81,43,84506.54,1965.27,29.58,2,True,0.32558139534883723
2024-08-01 05:30:00,52,Neutral,2024-08-01,Neutral,52,167.08,2.93,57,227774.53,3996.04,108.1,4,True,0.07017543859649122
2024-08-02 05:30:00,57,Greed,2024-08-02,Greed,57,782.37,12.42,63,396320.37,6290.8,145.52,3,True,0.2698412698412698
2024-08-03 05:30:00,37,Fear,2024-08-03,Fear,37,464.19,12.55,37,290532.86,7852.24,108.65,5,True,0.02702702702702703
2024-08-04 05:30:00,34,Fear,2024-08-04,Fear,34,-122672.0,-965.92,127,1207744.07,9509.8,445.9,5,False,0.023622047244094488
2024-08-05 05:30:00,26,Fear,2024-08-05,Fear,26,-13013.67,-162.67,80,420495.4,5256.19,202.72,4,False,0.4125
2024-08-06 05:30:00,17,Extreme Fear,2024-08-06,Extreme Fear,17,267.32,2.5,107,61478.38,574.56,62.62,2,True,0.12149532710280374
2024-08-07 05:30:00,29,Fear,2024-08-07,Fear,29,188.79,5.72,33,2492.77,75.54,3.75,3,True,0.30303030303030304
2024-08-08 05:30:00,20,Extreme Fear,2024-08-08,Extreme Fear,20,-40.71,-4.52,9,16299.35,1811.04,6.65,2,False,0.0
2024-08-09 05:30:00,48,Neutral,2024-08-09,Neutral,48,18082.07,125.57,144,503204.86,3494.48,185.25,5,True,0.2986111111111111
2024-08-10 05:30:00,40,Fear,2024-08-10,Fear,40,0.0,0.0,88,11339.29,128.86,50.08,2,False,0.0
2024-08-11 05:30:00,39,Fear,2024-08-11,Fear,39,847.78,35.32,24,44230.21,1842.93,40.93,2,True,0.16666666666666666
2024-08-12 05:30:00,25,Fear,2024-08-12,Extreme Fear,25,858.67,17.89,48,54167.32,1128.49,36.07,3,True,0.125
2024-08-13 05:30:00,31,Fear,2024-08-13,Fear,31,212.08,9.22,23,20797.87,904.26,17.93,3,True,0.34782608695652173
2024-08-14 05:30:00,30,Fear,2024-08-14,Fear,30,2168.9,86.76,25,66710.03,2668.4,46.49,3,True,0.2
2024-08-15 05:30:00,29,Fear,2024-08-15,Fear,29,0.0,0.0,12,1522.37,126.86,16.5,1,False,0.0
2024-08-16 05:30:00,27,Fear,2024-08-16,Fear,27,825.23,23.58,35,166382.84,4753.8,81.19,2,True,0.08571428571428572
2024-08-17 05:30:00,25,Fear,2024-08-17,Extreme Fear,25,-288.28,-9.61,30,30248.96,1008.3,17.1,2,False,0.0
2024-08-18 05:30:00,31,Fear,2024-08-18,Fear,31,307.2,20.48,15,62804.48,4186.97,21.98,2,True,0.8
2024-08-19 05:30:00,28,Fear,2024-08-19,Fear,28,339.7,42.46,8,100315.03,12539.38,35.11,1,True,0.625
2024-08-20 05:30:00,30,Fear,2024-08-20,Fear,30,192.6,16.05,12,49914.8,4159.57,17.47,2,True,0.08333333333333333
2024-08-21 05:30:00,26,Fear,2024-08-21,Fear,26,656.2,4.53,145,104990.41,724.07,36.75,2,True,0.3724137931034483
2024-08-23 05:30:00,34,Fear,2024-08-23,Fear,34,1005.31,100.53,10,63509.56,6350.96,22.23,1,True,0.3
2024-08-24 05:30:00,56,Greed,2024-08-24,Greed,56,0.0,0.0,7,34999.67,4999.95,12.25,2,False,0.0
2024-08-25 05:30:00,54,Neutral,2024-08-25,Neutral,54,0.0,0.0,17,21950.28,1291.19,26.3,2,False,0.0
2024-08-26 05:30:00,55,Greed,2024-08-26,Neutral,55,231.24,38.54,6,92611.27,15435.21,32.3,2,True,0.3333333333333333
2024-08-27 05:30:00,48,Neutral,2024-08-27,Neutral,48,0.0,0.0,50,70250.16,1405.0,52.05,2,False,0.0
2024-08-28 05:30:00,30,Fear,2024-08-28,Fear,30,1333.36,148.15,9,71160.07,7906.67,24.91,2,True,0.2222222222222222
2024-08-29 05:30:00,29,Fear,2024-08-29,Fear,29,0.0,0.0,1,9995.85,9995.85,3.5,1,False,0.0
2024-08-30 05:30:00,34,Fear,2024-08-30,Fear,34,256.46,42.74,6,37233.24,6205.54,13.03,4,True,0.16666666666666666
2024-08-31 05:30:00,29,Fear,2024-08-31,Fear,29,10.88,0.32,34,107507.43,3161.98,39.96,3,True,0.35294117647058826
2024-09-01 05:30:00,26,Fear,2024-09-01,Fear,26,137.43,11.45,12,12359.68,1029.97,4.33,1,True,0.4166666666666667
2024-09-02 05:30:00,26,Fear,2024-09-02,Fear,26,0.0,0.0,2,30000.42,15000.21,10.5,1,False,0.0
2024-09-04 05:30:00,27,Fear,2024-09-04,Fear,27,1065.79,31.35,34,131480.97,3867.09,63.57,2,True,0.14705882352941177
2024-09-05 05:30:00,29,Fear,2024-09-05,Fear,29,0.0,0.0,1,0.84,0.84,0.0,1,False,0.0
2024-09-06 05:30:00,22,Extreme Fear,2024-09-06,Extreme Fear,22,-1104.86,-26.31,42,39047.1,929.69,13.67,2,False,0.0
2024-09-08 05:30:00,29,Fear,2024-09-08,Fear,29,0.0,0.0,1,0.11,0.11,0.0,1,False,0.0
2024-09-09 05:30:00,26,Fear,2024-09-09,Fear,26,0.0,0.0,2,4014.43,2007.22,34.91,1,False,0.0
2024-09-10 05:30:00,33,Fear,2024-09-10,Fear,33,-219.73,-73.24,3,2547.28,849.09,7.29,2,False,0.0
2024-09-11 05:30:00,37,Fear,2024-09-11,Fear,37,0.0,0.0,1,0.54,0.54,0.0,1,False,0.0
2024-09-14 05:30:00,50,Neutral,2024-09-14,Neutral,50,0.0,0.0,11,1014.8,92.25,30.38,2,False,0.0
2024-09-18 05:30:00,45,Neutral,2024-09-18,Fear,45,-878.68,-6.06,145,13633.5,94.02,31.73,1,False,0.0
2024-09-19 05:30:00,49,Neutral,2024-09-19,Neutral,49,0.0,0.0,19,1521.87,80.1,28.61,1,False,0.0
2024-09-20 05:30:00,54,Neutral,2024-09-20,Neutral,54,9585.03,599.06,16,332873.38,20804.59,109.32,2,True,0.5
2024-09-21 05:30:00,54,Neutral,2024-09-21,Neutral,54,36165.57,1572.42,23,165648.12,7202.09,57.98,1,True,1.0
2024-09-22 05:30:00,52,Neutral,2024-09-22,Neutral,52,0.0,0.0,3,19999.74,6666.58,7.0,1,False,0.0
2024-09-23 05:30:00,50,Neutral,2024-09-23,Neutral,50,334.76,167.38,2,40334.29,20167.14,14.12,1,True,0.5
2024-09-24 05:30:00,54,Neutral,2024-09-24,Neutral,54,0.0,0.0,10,7118.63,711.86,12.97,2,False,0.0
2024-09-25 05:30:00,59,Greed,2024-09-25,Greed,59,0.0,0.0,9,52754.13,5861.57,17.76,2,False,0.0
2024-09-26 05:30:00,50,Neutral,2024-09-26,Neutral,50,439.81,54.98,8,113711.93,14213.99,31.35,2,True,0.25
2024-09-27 05:30:00,61,Greed,2024-09-27,Greed,61,0.0,0.0,56,126097.04,2251.73,37.5,2,False,0.0
2024-09-28 05:30:00,64,Greed,2024-09-28,Greed,64,0.0,0.0,4,29199.21,7299.8,2.8,1,False,0.0
2024-09-30 05:30:00,61,Greed,2024-09-30,Greed,61,2710.63,25.57,106,214669.85,2025.19,65.64,2,True,0.04716981132075472
2024-10-01 05:30:00,50,Neutral,2024-10-01,Neutral,50,0.0,0.0,4,139954.32,34988.58,48.98,1,False,0.0
2024-10-02 05:30:00,42,Fear,2024-10-02,Fear,42,0.0,0.0,4,99954.34,24988.58,34.98,1,False,0.0
2024-10-03 05:30:00,37,Fear,2024-10-03,Fear,37,100.38,11.15,9,132935.69,14770.63,46.53,2,True,0.3333333333333333
2024-10-04 05:30:00,41,Fear,2024-10-04,Fear,41,0.0,0.0,1,0.34,0.34,0.0,1,False,0.0
2024-10-05 05:30:00,49,Neutral,2024-10-05,Neutral,49,5767.16,155.87,37,605605.74,16367.72,211.96,2,True,0.6486486486486487
2024-10-06 05:30:00,50,Neutral,2024-10-06,Neutral,50,130.49,5.93,22,300130.56,13642.3,105.05,1,True,0.22727272727272727
2024-10-07 05:30:00,50,Neutral,2024-10-07,Neutral,50,0.0,0.0,21,219984.65,10475.46,76.99,1,False,0.0
2024-10-08 05:30:00,49,Neutral,2024-10-08,Neutral,49,5396.55,149.9,36,434584.13,12071.78,152.1,2,True,0.9166666666666666
2024-10-09 05:30:00,49,Neutral,2024-10-09,Neutral,49,396.06,28.29,14,220399.93,15742.85,77.14,1,True,0.21428571428571427
2024-10-10 05:30:00,39,Fear,2024-10-10,Fear,39,0.0,0.0,16,300024.34,18751.52,105.01,1,False,0.0
2024-10-11 05:30:00,32,Fear,2024-10-11,Fear,32,8885.33,341.74,26,488904.19,18804.01,171.12,2,True,0.6923076923076923
2024-10-12 05:30:00,49,Neutral,2024-10-12,Neutral,49,541.55,54.16,10,159713.4,15971.34,55.9,1,True,0.7
2024-10-13 05:30:00,50,Neutral,2024-10-13,Neutral,50,0.0,0.0,10,60002.42,6000.24,21.0,1,False,0.0
2024-10-14 05:30:00,48,Neutral,2024-10-14,Neutral,48,1913.62,382.72,5,61916.02,12383.2,21.67,1,True,1.0
2024-10-15 05:30:00,65,Greed,2024-10-15,Greed,65,1170.23,167.18,7,81173.36,11596.19,28.41,1,True,0.5714285714285714
2024-10-16 05:30:00,73,Greed,2024-10-16,Greed,73,219.48,19.95,11,80229.17,7293.56,28.08,1,True,0.2727272727272727
2024-10-17 05:30:00,71,Greed,2024-10-17,Greed,71,36.11,4.01,9,140531.75,15614.64,49.19,2,True,0.1111111111111111
2024-10-18 05:30:00,73,Greed,2024-10-18,Greed,73,333.22,55.54,6,120331.43,20055.24,42.12,1,True,0.8333333333333334
2024-10-19 05:30:00,72,Greed,2024-10-19,Greed,72,0.0,0.0,4,99996.86,24999.22,35.0,1,False,0.0
2024-10-20 05:30:00,73,Greed,2024-10-20,Greed,73,389.16,4.05,96,176447.86,1838.0,59.26,2,True,0.11458333333333333
2024-10-21 05:30:00,72,Greed,2024-10-21,Greed,72,2464.92,14.25,173,324117.99,1873.51,109.86,2,True,0.3930635838150289
2024-10-22 05:30:00,70,Greed,2024-10-22,Greed,70,0.0,0.0,3,60000.36,20000.12,21.0,1,False,0.0
2024-10-23 05:30:00,71,Greed,2024-10-23,Greed,71,-46.49,-2.58,18,210006.07,11667.0,73.5,1,False,0.0
2024-10-25 05:30:00,72,Greed,2024-10-25,Greed,72,13235.86,441.2,30,427883.18,14262.77,143.84,2,True,0.7
2024-10-27 05:30:00,74,Greed,2024-10-27,Greed,74,666.66,166.67,4,90664.41,22666.1,31.73,1,True,0.75
2024-10-28 05:30:00,72,Greed,2024-10-28,Greed,72,167.28,12.87,13,121495.25,9345.79,42.27,2,True,0.3076923076923077
2024-10-29 05:30:00,72,Greed,2024-10-29,Greed,72,801.17,15.12,53,613267.81,11571.09,214.64,2,True,0.05660377358490566
2024-10-30 05:30:00,77,Extreme Greed,2024-10-30,Extreme Greed,77,9.15,0.37,25,11830.85,473.23,3.6,1,True,0.28
2024-10-31 05:30:00,77,Extreme Greed,2024-10-31,Extreme Greed,77,1214.04,25.29,48,896173.36,18670.28,312.71,3,True,0.7083333333333334
2024-11-01 05:30:00,75,Extreme Greed,2024-11-01,Greed,75,1040.48,45.24,23,260981.03,11347.0,90.65,2,True,0.2608695652173913
2024-11-02 05:30:00,72,Greed,2024-11-02,Greed,72,0.0,0.0,2,40000.0,20000.0,14.0,1,False,0.0
2024-11-03 05:30:00,74,Greed,2024-11-03,Greed,74,0.0,0.0,6,129055.66,21509.28,40.4,2,False,0.0
2024-11-04 05:30:00,70,Greed,2024-11-04,Greed,70,2799.41,77.76,36,451811.97,12550.33,158.13,2,True,0.6388888888888888
2024-11-05 05:30:00,70,Greed,2024-11-05,Greed,70,678.48,67.85,10,200627.23,20062.72,70.22,1,True,0.5
2024-11-06 05:30:00,70,Greed,2024-11-06,Greed,70,2817.84,187.86,15,123906.9,8260.46,43.37,2,True,0.4666666666666667
2024-11-07 05:30:00,77,Extreme Greed,2024-11-07,Extreme Greed,77,4493.35,39.76,113,111335.3,985.27,26.18,3,True,0.5309734513274337
2024-11-08 05:30:00,75,Extreme Greed,2024-11-08,Greed,75,-64.41,-1.65,39,270700.44,6941.04,93.88,2,False,0.15384615384615385
2024-11-09 05:30:00,75,Extreme Greed,2024-11-09,Greed,75,102.91,1.2,86,193384.41,2248.66,66.18,2,True,0.22093023255813954
2024-11-10 05:30:00,78,Extreme Greed,2024-11-10,Extreme Greed,78,991.11,5.73,173,413636.7,2390.96,142.31,3,True,0.2947976878612717
2024-11-11 05:30:00,76,Extreme Greed,2024-11-11,Extreme Greed,76,6749.63,18.1,373,1570572.42,4210.65,396.91,4,True,0.24664879356568364
2024-11-12 05:30:00,80,Extreme Greed,2024-11-12,Extreme Greed,80,3494.4,20.44,171,1226354.52,7171.66,427.9,4,True,0.19883040935672514
2024-11-13 05:30:00,84,Extreme Greed,2024-11-13,Extreme Greed,84,7846.4,163.47,48,515336.37,10736.17,179.18,5,True,0.5625
2024-11-14 05:30:00,88,Extreme Greed,2024-11-14,Extreme Greed,88,4563.51,41.49,110,1008361.81,9166.93,335.03,2,True,0.2545454545454545
2024-11-15 05:30:00,80,Extreme Greed,2024-11-15,Extreme Greed,80,4140.74,27.79,149,1427858.42,9582.94,466.43,4,True,0.3691275167785235
2024-11-16 05:30:00,86,Extreme Greed,2024-11-16,Extreme Greed,86,2769.52,17.64,157,303296.07,1931.82,100.17,4,True,0.3057324840764331
2024-11-17 05:30:00,90,Extreme Greed,2024-11-17,Extreme Greed,90,882.98,4.22,209,1215987.57,5818.12,271.11,4,True,0.23444976076555024
2024-11-18 05:30:00,83,Extreme Greed,2024-11-18,Extreme Greed,83,4470.82,12.92,346,2084339.58,6024.1,445.1,7,True,0.3583815028901734
2024-11-19 05:30:00,90,Extreme Greed,2024-11-19,Extreme Greed,90,2958.27,9.7,305,628031.15,2059.12,201.49,5,True,0.4918032786885246
2024-11-20 05:30:00,83,Extreme Greed,2024-11-20,Extreme Greed,83,4210.09,7.65,550,1999514.12,3635.48,644.06,5,True,0.3981818181818182
2024-11-21 05:30:00,82,Extreme Greed,2024-11-21,Extreme Greed,82,1692.43,3.16,535,598300.62,1118.32,198.63,5,True,0.308411214953271
2024-11-22 05:30:00,94,Extreme Greed,2024-11-22,Extreme Greed,94,-18105.35,-26.66,679,1646713.62,2425.2,436.44,6,False,0.3078055964653903
2024-11-23 05:30:00,93,Extreme Greed,2024-11-23,Extreme Greed,93,2901.53,7.99,363,516245.68,1422.16,154.62,4,True,0.3526170798898072
2024-11-24 05:30:00,80,Extreme Greed,2024-11-24,Extreme Greed,80,945.55,5.5,172,664952.28,3866.0,202.58,3,True,0.26744186046511625
2024-11-25 05:30:00,82,Extreme Greed,2024-11-25,Extreme Greed,82,5523.74,21.66,255,937410.87,3676.12,283.78,2,True,0.4117647058823529
2024-11-26 05:30:00,79,Extreme Greed,2024-11-26,Extreme Greed,79,1094.81,3.63,302,1146902.44,3797.69,311.3,4,True,0.2913907284768212
2024-11-27 05:30:00,75,Extreme Greed,2024-11-27,Greed,75,-2654.5,-12.46,213,1444242.53,6780.48,439.71,2,False,0.3474178403755869
2024-11-28 05:30:00,77,Extreme Greed,2024-11-28,Extreme Greed,77,-127075.4,-382.76,332,1894225.15,5705.5,315.58,5,False,0.32831325301204817
2024-11-29 05:30:00,78,Extreme Greed,2024-11-29,Extreme Greed,78,176844.99,449.99,393,794262.91,2021.03,192.45,11,True,0.48854961832061067
2024-11-30 05:30:00,84,Extreme Greed,2024-11-30,Extreme Greed,84,37316.69,100.04,373,1732193.7,4643.95,552.38,8,True,0.42091152815013405
2024-12-01 05:30:00,81,Extreme Greed,2024-12-01,Extreme Greed,81,40886.36,98.28,416,814711.82,1958.44,245.38,9,True,0.53125
2024-12-02 05:30:00,80,Extreme Greed,2024-12-02,Extreme Greed,80,18489.6,68.48,270,585243.56,2167.57,147.89,8,True,0.4074074074074074
2024-12-03 05:30:00,76,Extreme Greed,2024-12-03,Extreme Greed,76,23576.54,63.04,374,1084666.53,2900.18,330.57,8,True,0.4304812834224599
2024-12-04 05:30:00,78,Extreme Greed,2024-12-04,Extreme Greed,78,292891.82,918.16,319,769287.65,2411.56,172.61,7,True,0.46394984326018807
2024-12-05 05:30:00,84,Extreme Greed,2024-12-05,Extreme Greed,84,71574.12,156.96,456,1256750.79,2756.03,352.77,8,True,0.4232456140350877
2024-12-06 05:30:00,72,Greed,2024-12-06,Greed,72,-92624.64,-229.84,403,3471019.22,8612.95,691.99,10,False,0.23325062034739455
2024-12-07 05:30:00,75,Extreme Greed,2024-12-07,Greed,75,85906.28,282.59,304,451733.42,1485.97,108.45,6,True,0.4309210526315789
2024-12-08 05:30:00,79,Extreme Greed,2024-12-08,Extreme Greed,79,15965.93,38.01,420,932939.72,2221.29,234.18,6,True,0.3619047619047619
2024-12-09 05:30:00,78,Extreme Greed,2024-12-09,Extreme Greed,78,6310.97,11.71,539,983949.68,1825.51,174.77,10,True,0.31910946196660483
2024-12-10 05:30:00,78,Extreme Greed,2024-12-10,Extreme Greed,78,39325.77,24.64,1596,3150424.08,1973.95,453.54,11,True,0.5870927318295739
2024-12-11 05:30:00,74,Greed,2024-12-11,Greed,74,319051.55,261.3,1221,2194098.33,1796.97,413.51,12,True,0.7125307125307125
2024-12-12 05:30:00,83,Extreme Greed,2024-12-12,Extreme Greed,83,599151.8,310.12,1932,4557189.87,2358.79,698.97,14,True,0.6997929606625258
2024-12-13 05:30:00,76,Extreme Greed,2024-12-13,Extreme Greed,76,31935.9,27.23,1173,2880824.64,2455.95,453.23,11,True,0.40153452685422
2024-12-14 05:30:00,83,Extreme Greed,2024-12-14,Extreme Greed,83,167801.4,135.87,1235,2369561.78,1918.67,232.09,12,True,0.47368421052631576
2024-12-15 05:30:00,80,Extreme Greed,2024-12-15,Extreme Greed,80,97525.32,57.47,1697,2583269.81,1522.26,231.33,15,True,0.24572775486152032
2024-12-16 05:30:00,83,Extreme Greed,2024-12-16,Extreme Greed,83,166774.34,158.08,1055,2740808.97,2597.92,402.15,13,True,0.5071090047393365
2024-12-17 05:30:00,87,Extreme Greed,2024-12-17,Extreme Greed,87,219591.31,113.13,1941,5233597.63,2696.34,746.14,16,True,0.4363730036063885
2024-12-18 05:30:00,81,Extreme Greed,2024-12-18,Extreme Greed,81,13682.99,9.58,1429,3798887.07,2658.42,691.45,13,True,0.36599020293911827
2024-12-19 05:30:00,75,Extreme Greed,2024-12-19,Greed,75,62744.0,18.79,3339,8241709.39,2468.32,1056.23,13,True,0.6148547469302186
2024-12-20 05:30:00,74,Greed,2024-12-20,Greed,74,254969.66,102.48,2488,7681274.71,3087.33,1210.84,15,True,0.5558681672025724
2024-12-21 05:30:00,73,Greed,2024-12-21,Greed,73,150022.16,89.25,1681,4382875.12,2607.3,680.39,8,True,0.5496728138013087
2024-12-22 05:30:00,73,Greed,2024-12-22,Greed,73,352197.16,455.04,774,3087320.22,3988.79,333.06,8,True,0.4354005167958656
2024-12-23 05:30:00,70,Greed,2024-12-23,Greed,70,-29430.63,-12.54,2347,6771878.26,2885.33,1200.9,14,False,0.2901576480613549
2024-12-24 05:30:00,73,Greed,2024-12-24,Greed,73,14813.78,43.83,338,1767036.11,5227.92,386.78,11,True,0.33727810650887574
2024-12-25 05:30:00,73,Greed,2024-12-25,Greed,73,756.66,3.64,208,347889.35,1672.54,66.52,6,True,0.30288461538461536
2024-12-26 05:30:00,79,Extreme Greed,2024-12-26,Extreme Greed,79,60228.64,86.41,697,2205242.65,3163.91,523.36,7,True,0.5136298421807748
2024-12-27 05:30:00,74,Greed,2024-12-27,Greed,74,2672.81,10.28,260,347913.0,1338.13,88.56,7,True,0.4230769230769231
2024-12-28 05:30:00,72,Greed,2024-12-28,Greed,72,940.67,5.84,161,281555.01,1748.79,48.41,7,True,0.22981366459627328
2024-12-29 05:30:00,73,Greed,2024-12-29,Greed,73,2884.07,14.35,201,344628.54,1714.57,72.12,7,True,0.31840796019900497
2024-12-30 05:30:00,65,Greed,2024-12-30,Greed,65,9009.74,29.64,304,1073865.73,3532.45,284.91,9,True,0.39473684210526316
2024-12-31 05:30:00,64,Greed,2024-12-31,Greed,64,5445.01,17.79,306,877164.62,2866.55,266.52,6,True,0.3006535947712418
2025-01-01 05:30:00,66,Greed,2025-01-01,Greed,66,-9528.07,-99.25,96,282582.1,2943.56,31.6,6,False,0.3020833333333333
2025-01-02 05:30:00,70,Greed,2025-01-02,Greed,70,8716.52,24.15,361,774674.84,2145.91,176.14,9,True,0.45706371191135736
2025-01-03 05:30:00,74,Greed,2025-01-03,Greed,74,6028.49,11.87,508,771208.99,1518.13,211.0,9,True,0.27165354330708663
2025-01-04 05:30:00,73,Greed,2025-01-04,Greed,73,2553.54,6.88,371,1826029.62,4921.91,233.71,9,True,0.20215633423180593
2025-01-05 05:30:00,72,Greed,2025-01-05,Greed,72,3187.72,13.34,239,451943.57,1890.98,139.34,8,True,0.41841004184100417
2025-01-06 05:30:00,76,Extreme Greed,2025-01-06,Extreme Greed,76,6064.19,10.58,573,556526.99,971.25,174.93,7,True,0.15532286212914484
2025-01-07 05:30:00,78,Extreme Greed,2025-01-07,Extreme Greed,78,16098.23,25.27,637,1313178.1,2061.5,303.39,6,True,0.7613814756671899
2025-01-08 05:30:00,70,Greed,2025-01-08,Greed,70,130117.09,125.23,1039,3177275.18,3058.01,696.91,11,True,0.37151106833493747
2025-01-09 05:30:00,69,Greed,2025-01-09,Greed,69,46975.93,89.99,522,1020733.25,1955.43,275.51,7,True,0.2777777777777778
2025-01-10 05:30:00,50,Neutral,2025-01-10,Neutral,50,-10116.88,-12.35,819,6547449.68,7994.44,2094.18,7,False,0.5274725274725275
2025-01-11 05:30:00,69,Greed,2025-01-11,Greed,69,2269.08,8.02,283,1658098.71,5859.01,494.65,7,True,0.24381625441696114
2025-01-12 05:30:00,62,Greed,2025-01-12,Greed,62,5742.24,9.54,602,2258459.17,3751.59,612.08,7,True,0.7840531561461794
2025-01-13 05:30:00,61,Greed,2025-01-13,Greed,61,9655.43,23.67,408,2936648.01,7197.67,863.1,11,True,0.3872549019607843
2025-01-14 05:30:00,63,Greed,2025-01-14,Greed,63,16069.51,58.43,275,876581.97,3187.57,240.59,9,True,0.49818181818181817
2025-01-15 05:30:00,70,Greed,2025-01-15,Greed,70,14819.59,55.5,267,1801599.89,6747.57,513.61,11,True,0.4606741573033708
2025-01-16 05:30:00,75,Extreme Greed,2025-01-16,Greed,75,20807.71,56.09,371,3049692.96,8220.2,890.57,9,True,0.3423180592991914
2025-01-17 05:30:00,75,Extreme Greed,2025-01-17,Greed,75,7006.42,29.44,238,1110230.46,4664.83,351.41,8,True,0.5294117647058824
2025-01-18 05:30:00,77,Extreme Greed,2025-01-18,Extreme Greed,77,443.23,0.68,651,2711629.88,4165.33,815.93,12,True,0.38095238095238093
2025-01-19 05:30:00,77,Extreme Greed,2025-01-19,Extreme Greed,77,87923.8,56.11,1567,9715215.3,6199.88,2162.36,15,True,0.20229738353541799
2025-01-20 05:30:00,76,Extreme Greed,2025-01-20,Extreme Greed,76,87277.24,66.37,1315,8287327.01,6302.15,2207.66,15,True,0.5224334600760456
2025-01-21 05:30:00,76,Extreme Greed,2025-01-21,Extreme Greed,76,11077.84,20.9,530,1523729.82,2874.96,398.3,8,True,0.3867924528301887
2025-01-22 05:30:00,84,Extreme Greed,2025-01-22,Extreme Greed,84,20524.41,24.67,832,1778406.43,2137.51,471.17,10,True,0.28125
2025-01-23 05:30:00,75,Extreme Greed,2025-01-23,Greed,75,101256.24,83.13,1218,3697028.66,3035.33,1088.35,12,True,0.6609195402298851
2025-01-24 05:30:00,75,Extreme Greed,2025-01-24,Greed,75,10602.78,12.13,874,1611433.45,1843.75,338.64,11,True,0.5583524027459954
2025-01-25 05:30:00,75,Extreme Greed,2025-01-25,Greed,75,-10348.02,-20.45,506,1239377.7,2449.36,318.93,11,False,0.27865612648221344
2025-01-26 05:30:00,73,Greed,2025-01-26,Greed,73,40823.47,90.52,451,1201173.66,2663.36,382.26,7,True,0.43458980044345896
2025-01-27 05:30:00,71,Greed,2025-01-27,Greed,71,41331.77,53.47,773,1508028.31,1950.88,406.26,15,True,0.4760672703751617
2025-01-28 05:30:00,72,Greed,2025-01-28,Greed,72,17979.61,36.1,498,579412.17,1163.48,124.71,8,True,0.6285140562248996
2025-01-29 05:30:00,72,Greed,2025-01-29,Greed,72,23421.01,25.74,910,1897513.41,2085.18,612.52,9,True,0.4164835164835165
2025-01-30 05:30:00,70,Greed,2025-01-30,Greed,70,23097.47,21.65,1067,3014397.17,2825.11,874.65,11,True,0.3467666354264292
2025-01-31 05:30:00,76,Extreme Greed,2025-01-31,Extreme Greed,76,35868.3,35.3,1016,2783411.48,2739.58,670.94,11,True,0.5413385826771654
2025-02-01 05:30:00,68,Greed,2025-02-01,Greed,68,32300.21,50.95,634,1363746.44,2151.02,285.48,12,True,0.5962145110410094
2025-02-02 05:30:00,60,Greed,2025-02-02,Greed,60,162854.76,123.47,1319,5661092.29,4291.96,1184.12,13,True,0.35860500379075055
2025-02-03 05:30:00,44,Fear,2025-02-03,Fear,44,348871.33,146.58,2380,22592901.37,9492.82,2991.57,12,True,0.4634453781512605
2025-02-04 05:30:00,72,Greed,2025-02-04,Greed,72,416876.89,165.95,2512,15678409.27,6241.4,3853.78,13,True,0.276671974522293
2025-02-05 05:30:00,54,Neutral,2025-02-05,Neutral,54,56706.24,43.72,1297,8743231.51,6741.12,1335.75,11,True,0.3215111796453354
2025-02-06 05:30:00,49,Neutral,2025-02-06,Neutral,49,33803.8,19.85,1703,2818508.87,1655.03,709.13,11,True,0.46095126247798
2025-02-07 05:30:00,44,Fear,2025-02-07,Fear,44,22450.0,14.73,1524,3460263.54,2270.51,738.09,13,True,0.2821522309711286
2025-02-08 05:30:00,44,Fear,2025-02-08,Fear,44,586.7,1.02,575,839734.97,1460.41,109.98,10,True,0.19130434782608696
2025-02-09 05:30:00,46,Neutral,2025-02-09,Neutral,46,150551.83,197.06,764,2920919.7,3823.19,427.36,12,True,0.4306282722513089
2025-02-10 05:30:00,43,Fear,2025-02-10,Fear,43,63908.49,71.89,889,3624958.44,4077.57,491.36,14,True,0.4780652418447694
2025-02-11 05:30:00,47,Neutral,2025-02-11,Neutral,47,-6093.78,-7.19,848,2797544.17,3298.99,476.43,12,False,0.21816037735849056
2025-02-12 05:30:00,46,Neutral,2025-02-12,Neutral,46,19848.64,19.25,1031,4143974.54,4019.37,1099.16,12,True,0.4626576139670223
2025-02-13 05:30:00,50,Neutral,2025-02-13,Neutral,50,27829.53,20.31,1370,3199852.21,2335.66,823.49,11,True,0.4678832116788321
2025-02-14 05:30:00,48,Neutral,2025-02-14,Neutral,48,213860.68,129.22,1655,4007103.42,2421.21,961.58,15,True,0.42900302114803623
2025-02-15 05:30:00,50,Neutral,2025-02-15,Neutral,50,45042.93,48.33,932,1712852.95,1837.83,374.09,12,True,0.4302575107296137
2025-02-16 05:30:00,54,Neutral,2025-02-16,Neutral,54,2369.48,3.48,681,806177.64,1183.81,171.57,10,True,0.44052863436123346
2025-02-17 05:30:00,51,Neutral,2025-02-17,Neutral,51,1818.57,1.93,941,2031044.64,2158.39,253.49,9,True,0.22422954303931988
2025-02-18 05:30:00,47,Neutral,2025-02-18,Neutral,47,91204.67,54.42,1676,3371128.68,2011.41,609.54,11,True,0.5119331742243437
2025-02-19 05:30:00,44,Fear,2025-02-19,Fear,44,14985.79,11.01,1361,3263930.24,2398.19,688.49,10,True,0.4276267450404115
2025-02-20 05:30:00,49,Neutral,2025-02-20,Neutral,49,46008.79,22.87,2012,4628609.29,2300.5,1232.46,11,True,0.47912524850894633
2025-02-21 05:30:00,55,Greed,2025-02-21,Neutral,55,119693.49,63.9,1873,3972159.88,2120.75,829.72,14,True,0.5221569674319274
2025-02-22 05:30:00,49,Neutral,2025-02-22,Neutral,49,25278.7,36.85,686,3175570.2,4629.11,880.16,10,True,0.4970845481049563
2025-02-23 05:30:00,50,Neutral,2025-02-23,Neutral,50,10656.93,20.49,520,1141310.74,2194.83,230.0,12,True,0.45
2025-02-24 05:30:00,49,Neutral,2025-02-24,Neutral,49,38470.18,6.85,5616,11223619.59,1998.51,2097.96,14,True,0.39672364672364674
2025-02-25 05:30:00,25,Fear,2025-02-25,Extreme Fear,25,204762.18,32.78,6246,19414984.36,3108.39,3186.62,18,True,0.260646813960935
2025-02-26 05:30:00,21,Extreme Fear,2025-02-26,Extreme Fear,21,63229.06,53.77,1176,4946958.13,4206.6,754.17,13,True,0.6709183673469388
2025-02-27 05:30:00,10,Extreme Fear,2025-02-27,Extreme Fear,10,-36525.17,-41.04,890,1999898.43,2247.08,512.15,9,False,0.27752808988764044
2025-02-28 05:30:00,16,Extreme Fear,2025-02-28,Extreme Fear,16,225628.11,221.42,1019,4123660.77,4046.77,878.4,13,True,0.3886162904808636
2025-03-01 05:30:00,20,Extreme Fear,2025-03-01,Extreme Fear,20,10596.11,60.9,174,263824.13,1516.23,37.06,5,True,0.4482758620689655
2025-03-02 05:30:00,26,Fear,2025-03-02,Fear,26,66914.32,125.78,532,6460848.74,12144.45,1931.7,10,True,0.5018796992481203
2025-03-03 05:30:00,33,Fear,2025-03-03,Fear,33,616413.03,415.93,1482,8244590.38,5563.15,1040.56,14,True,0.6153846153846154
2025-03-04 05:30:00,15,Extreme Fear,2025-03-04,Extreme Fear,15,182075.57,75.8,2402,11124247.15,4631.24,2220.34,16,True,0.25353871773522063
2025-03-05 05:30:00,20,Extreme Fear,2025-03-05,Extreme Fear,20,269328.37,162.25,1660,9193654.22,5538.35,2321.32,13,True,0.7584337349397591
2025-03-06 05:30:00,25,Fear,2025-03-06,Extreme Fear,25,16101.13,21.19,760,6765324.96,8901.74,1306.62,12,True,0.48026315789473684
2025-03-07 05:30:00,34,Fear,2025-03-07,Fear,34,150236.06,58.87,2552,19854275.48,7779.89,4916.5,14,True,0.5223354231974922
2025-03-08 05:30:00,28,Fear,2025-03-08,Fear,28,24700.77,46.69,529,892083.51,1686.36,208.34,13,True,0.5689981096408318
2025-03-09 05:30:00,27,Fear,2025-03-09,Fear,27,19773.46,13.91,1422,10419697.99,7327.5,2377.06,12,True,0.4409282700421941
2025-03-10 05:30:00,20,Extreme Fear,2025-03-10,Extreme Fear,20,-10010.03,-3.44,2911,16811790.68,5775.26,3488.37,14,False,0.39745791824115423
2025-03-11 05:30:00,24,Extreme Fear,2025-03-11,Extreme Fear,24,-76880.73,-23.4,3286,14016952.09,4265.66,2441.08,16,False,0.18746195982958003
2025-03-12 05:30:00,34,Fear,2025-03-12,Fear,34,288105.98,72.61,3968,18618139.15,4692.07,3658.41,13,True,0.5645161290322581
2025-03-13 05:30:00,45,Neutral,2025-03-13,Fear,45,14114.87,14.67,962,3285591.22,3415.38,809.19,13,True,0.4573804573804574
2025-03-14 05:30:00,27,Fear,2025-03-14,Fear,27,68646.16,31.06,2210,8047187.16,3641.26,1193.49,10,True,0.8538461538461538
2025-03-15 05:30:00,46,Neutral,2025-03-15,Neutral,46,78694.62,301.51,261,2355749.54,9025.86,574.33,8,True,0.5938697318007663
2025-03-16 05:30:00,30,Fear,2025-03-16,Fear,30,-7910.94,-14.93,530,10187921.51,19222.49,2442.48,8,False,0.2320754716981132
2025-03-17 05:30:00,32,Fear,2025-03-17,Fear,32,26163.91,28.44,920,3592895.05,3905.32,807.74,11,True,0.4532608695652174
2025-03-18 05:30:00,34,Fear,2025-03-18,Fear,34,72322.79,86.72,834,4050655.47,4856.9,857.94,13,True,0.22541966426858512
2025-03-19 05:30:00,32,Fear,2025-03-19,Fear,32,29374.68,18.22,1612,4598813.57,2852.86,784.49,12,True,0.4162531017369727
2025-03-20 05:30:00,49,Neutral,2025-03-20,Neutral,49,10246.86,13.29,771,1652257.93,2143.01,329.24,13,True,0.4085603112840467
2025-03-21 05:30:00,31,Fear,2025-03-21,Fear,31,6951.27,9.96,698,2543903.39,3644.56,633.46,9,True,0.5
2025-03-22 05:30:00,32,Fear,2025-03-22,Fear,32,12498.54,23.36,535,971809.42,1816.47,268.83,8,True,0.4747663551401869
2025-03-23 05:30:00,30,Fear,2025-03-23,Fear,30,14047.42,31.43,447,2593519.67,5802.06,597.22,10,True,0.32662192393736017
2025-03-24 05:30:00,45,Neutral,2025-03-24,Fear,45,107878.96,105.04,1027,3017587.05,2938.25,531.11,13,True,0.6153846153846154
2025-03-25 05:30:00,46,Neutral,2025-03-25,Neutral,46,32030.91,40.49,791,5372519.77,6792.06,1401.35,13,True,0.3615676359039191
2025-03-26 05:30:00,47,Neutral,2025-03-26,Neutral,47,15802.17,5.09,3102,7597754.37,2449.31,1796.8,17,True,0.27111540941328177
2025-03-27 05:30:00,40,Fear,2025-03-27,Fear,40,58825.36,74.94,785,3240279.46,4127.74,714.02,11,True,0.33375796178343947
2025-03-28 05:30:00,44,Fear,2025-03-28,Fear,44,21337.18,29.31,728,1483092.61,2037.22,389.28,11,True,0.3173076923076923
2025-03-29 05:30:00,26,Fear,2025-03-29,Fear,26,12098.87,6.39,1894,3668151.83,1936.72,839.84,10,True,0.3558606124604013
2025-03-30 05:30:00,32,Fear,2025-03-30,Fear,32,15795.12,27.81,568,2850874.96,5019.15,759.07,9,True,0.16549295774647887
2025-03-31 05:30:00,34,Fear,2025-03-31,Fear,34,6978.18,14.1,495,2164772.47,4373.28,482.0,12,True,0.5232323232323233
2025-04-01 05:30:00,34,Fear,2025-04-01,Fear,34,-2202.66,-11.47,192,704445.19,3668.99,162.94,9,False,0.4583333333333333
2025-04-02 05:30:00,44,Fear,2025-04-02,Fear,44,202212.74,187.93,1076,3867930.6,3594.73,1181.22,11,True,0.8949814126394052
2025-04-03 05:30:00,25,Fear,2025-04-03,Extreme Fear,25,-2365.96,-1.35,1748,8670233.15,4960.09,1337.12,17,False,0.2974828375286041
2025-04-04 05:30:00,28,Fear,2025-04-04,Fear,28,-25515.68,-20.06,1272,3835545.73,3015.37,836.06,14,False,0.38757861635220126
2025-04-05 05:30:00,30,Fear,2025-04-05,Fear,30,35907.34,99.74,360,1267564.22,3521.01,282.06,10,True,0.5805555555555556
2025-04-06 05:30:00,34,Fear,2025-04-06,Fear,34,47053.45,44.9,1048,3551252.06,3388.6,618.44,14,True,0.31679389312977096
2025-04-07 05:30:00,23,Extreme Fear,2025-04-07,Extreme Fear,23,34527.37,12.27,2814,14460253.14,5138.68,2766.56,18,True,0.23916133617626156
2025-04-08 05:30:00,24,Extreme Fear,2025-04-08,Extreme Fear,24,34899.39,37.01,943,8869391.4,9405.51,2274.98,17,True,0.4093319194061506
2025-04-09 05:30:00,18,Extreme Fear,2025-04-09,Extreme Fear,18,43120.44,10.87,3967,28556806.47,7198.59,6111.27,20,True,0.43055205444920597
2025-04-10 05:30:00,39,Fear,2025-04-10,Fear,39,158261.82,74.41,2127,28741953.29,13512.91,6868.56,19,True,0.5289139633286318
2025-04-11 05:30:00,25,Fear,2025-04-11,Extreme Fear,25,126406.48,115.33,1096,11319327.07,10327.85,2174.44,16,True,0.3357664233576642
2025-04-12 05:30:00,43,Fear,2025-04-12,Fear,43,410419.69,194.6,2109,55914617.49,26512.38,11517.6,20,True,0.2721669037458511
2025-04-13 05:30:00,45,Neutral,2025-04-13,Fear,45,48696.02,36.86,1321,14171154.79,10727.6,2568.34,17,True,0.3618470855412566
2025-04-14 05:30:00,31,Fear,2025-04-14,Fear,31,45680.44,51.33,890,13079972.98,14696.6,2023.16,14,True,0.42247191011235957
2025-04-15 05:30:00,38,Fear,2025-04-15,Fear,38,72357.71,63.98,1131,20752168.24,18348.51,1866.9,14,True,0.5720601237842617
2025-04-16 05:30:00,29,Fear,2025-04-16,Fear,29,58631.73,36.46,1608,36502715.9,22700.69,5997.62,17,True,0.3401741293532338
2025-04-17 05:30:00,30,Fear,2025-04-17,Fear,30,5427.92,5.26,1031,2604551.51,2526.24,519.21,12,True,0.30358874878758485
2025-04-18 05:30:00,33,Fear,2025-04-18,Fear,33,4880.4,2.58,1894,24610650.46,12994.01,4667.33,12,True,0.5126715945089757
2025-04-19 05:30:00,32,Fear,2025-04-19,Fear,32,71950.58,25.83,2786,32706462.71,11739.58,6480.63,15,True,0.2921751615218952
2025-04-20 05:30:00,37,Fear,2025-04-20,Fear,37,25060.34,12.64,1982,12126094.05,6118.11,1887.33,12,True,0.3985872855701312
2025-04-21 05:30:00,39,Fear,2025-04-21,Fear,39,34369.27,20.01,1718,42104054.84,24507.6,6356.09,14,True,0.3940628637951106
2025-04-22 05:30:00,47,Neutral,2025-04-22,Neutral,47,58652.76,19.56,2998,33753625.24,11258.71,5749.69,15,True,0.2961974649766511
2025-04-23 05:30:00,72,Greed,2025-04-23,Greed,72,-419020.23,-68.03,6159,30682443.79,4981.72,7342.08,19,False,0.324728040266277
2025-04-24 05:30:00,63,Greed,2025-04-24,Greed,63,50704.4,22.72,2232,35088918.64,15720.84,7366.5,15,True,0.4135304659498208
2025-04-25 05:30:00,60,Greed,2025-04-25,Greed,60,20218.86,12.23,1653,27749455.78,16787.33,6299.09,16,True,0.38596491228070173
2025-04-26 05:30:00,65,Greed,2025-04-26,Greed,65,-4125.75,-3.65,1131,11948127.77,10564.22,2652.31,12,False,0.1724137931034483
2025-04-27 05:30:00,61,Greed,2025-04-27,Greed,61,2702.07,8.02,337,487537.69,1446.7,55.93,9,True,0.3560830860534125
2025-04-28 05:30:00,54,Neutral,2025-04-28,Neutral,54,36906.81,26.76,1379,26124921.49,18944.83,6007.25,8,True,0.4169688179840464
2025-04-29 05:30:00,60,Greed,2025-04-29,Greed,60,125749.61,56.06,2243,34089511.66,15198.18,5149.3,7,True,0.43201069995541685
2025-04-30 05:30:00,56,Greed,2025-04-30,Greed,56,14003.8,12.58,1113,12693878.85,11405.1,2950.18,8,True,0.26504941599281223
2025-05-01 05:30:00,53,Neutral,2025-05-01,Neutral,53,54536.83,44.34,1230,10720240.52,8715.64,2652.61,11,True,0.43089430894308944
